Gebrauch,m
Eis,n
Hackfleisch,n
Müsli,n
Ungeheuer,n
Abitur,n
Alter,n
Amt,n
Angebot,n
Aquarium,n
Asyl,n
Auge,n
Ausland,n
Aussehen,n
Autohaus,n
Bargeld,n
Beet,n
Bein,n
Bekenntnis,n
Bekleidungsgeschäft,n
Besteck,n
Bier,n
Bild,n
Blatt,n
Blut,n
Blütenblatt,n
Bonbon,n
Brett,n
Brät,n
Brötchen,n
Bund,n
Bußgeld,n
Bügeleisen,n
Chaos,n
Croissant,n
Datum,n
Denken,n
Dirndl,n
Doppelbett,n
Doppelzimmer,n
Dorf,n
Dreieck,n
Dunkel,n
Einzelzimmer,n
Elektrogeschäft,n
Erdbeben,n
Etui,n
Fahrzeug,n
Fasten,n
Feld,n
Fenster,n
Fernweh,n
Festgewand,n
Fett,n
Fieber,n
Formular,n
Fresko,n
Fundament,n
Gammelfleisch,n
Garagentor,n
Gebirge,n
Gebot,n
Gefieder ,n
Geflügel,n
Gefolge,n
Gefühl,n
Gegenteil,n
Geheimnis,n
Gelächter,n
Gemüse,n
Gepäck,n
Gericht,n
Geschenk,n
Geschirr,n
Geschrei,n
Gesetz,n
Gesicht,n
Gesäß,n
Getreide,n
Getöse,n
Getümmel,n
Gewicht,n
Glas,n
Glück,n
Gold,n
Grundstück,n
Haar,n
Hammerwerfen,n
Handgelenk,n
Handgepäck,n
Heimweh,n
Hemd,n
Hochhaus,n
Holz,n
Hähnchen,n
Hörnchen,n
Ideal,n
Idol,n
Interesse,n
Interrogativpronomen,n
Jahr,n
Joch,n
Kalb,n
Kalbsflesich,n
Kaninchen,n
Kapitel,n
Kaufhaus,n
Kilo,n
Kinn,n
Kissen,n
Klavier,n
Kleingeld,n
Knie,n
Koffein,n
Konzert,n
Kotelett,n
Kraut,n
Kugelstoßen,n
Känguru,n
Kännchen,n
Lammfleisch,n
Land,n
Leben,n
Lied,n
Lied,n
Lob,n
Maul,n
Medikament,n
Meer,n
Messer,n
Metermaß,n
Mikrofon,n
Missverständnis,n
Mitleid,n
Mäppchen,n
Möbelhaus,n
Nasenloch,n
Nest,n
Netz,n
Obst,n
Ohr,n
Paar,n
Paket,n
Paradie s,n
Pech,n
Pflaster,n
Pfund,n
Picknick,n
Plätzchen,n
Polen,n
Püree,n
Quadrat,n
Rankengewächs,n
Rechteck,n
Regal,n
Reihenhaus,n
Reisebüro,n
Restaurant,n
Rezept,n
Rhabarber,n
Rindfleisch,n
Rohr,n
Rätsel,n
Salz,n
Scheitern,n
Schifferklavier,n
Schloss,n
Schmuckgeschäft,n
Schnitzel,n
Schreibwarengeschäft,n
Schwein,n
Schweinefleisch,n
Schwimmbad,n
Seil,n
Sekretariat,n
Shampoo,n
Silber,n
Sofa,n
Sonderangebot,n
Speerwerfen,n
Spiegelei,n
Spielzeug,n
Ständchen,n
Stück,n
Talent,n
Telefon,n
Teppichgeschäft,n
Thema,n
Thermometer,n
Ticket,n
Tor,n
Treffe,n
Triebwerk,n
Trinkgeld,n
Tuch,n
Turnen,n
Turnier,n
Ufer,n
Unkraut,n
Unrecht,n
Verbrechen,n
Vergehen,n
Verhältnis,n
Verkehrsmittel,n
Verschwinden,n
Vertrauen,n
Video,n
Vieh,n
Viertel,n
Volk,n
Vortschritt,n
Wachstum,n
Wasser,n
Wechselgeld,n
Werkzeug,n
Wesen,n
Wissen,n
Wunder ,n
Wurzelverzeichnis,n
Zentrum,n
Zimmer,n
Zollkontrolle,n
Öl,n
ABA,m
Abflug,m
Abriss,m
Abschied,m
Abstand,m
Acker,m
Affe,m
Aktenkoffer,m
Aktenordner,m
Allgemeinarzt,m
Anblick,m
Anfang,m
Angriff,m
Anlass,m
Anruf,m
Anschluss,m
Anspruch,m
Anwohner,m
Anästhesist,m
Apfel,m
Apparat,m
Arm,m
Ast,m
Asylant,m
Ausflug,m
Auswander er,m
Ausweis,m
Badeanzug,m
Bahnhof,m
Balkon,m
Ball,m
Barren,m
Bart,m
Bastler,m
Bauch,m
Baum,m
Becher,m
Beginn,m
Beruf,m
Besitz,m
Beweis,m
Bezwinger,m
Blitz,m
Blumenkohl,m
Blumenladen,m
Blumenstrauß,m
Boden,m
Brei,m
Briefkasten,m
Bruder ,m
Buckel,m
Buddhismus,m
Bush,m
Chef,m
Chinese,m
Chirurg,m
Christ,m
Computer,m
Dachboden,m
Dampf,m
Detektiv,m
Dieb,m
Dirigent,m
Dirigentenstab,m
Dom,m
Dorn,m
Drache,m
Drachen,m
Dualismus,m
Dung,m
Dünger,m
Düsenantrieb,m
Düsenjäger,m
Edelstein,m
Einkaufszettel,m
Einwander er,m
Eiskunstlauf,m
Ellbogen,m
Esel,m
Faden,m
Fahrradabstellplatz,m
Fallschirm,m
Familienstand,m
Fehler,m
Feind,m
Feldrand,m
Finger,m
Fingerabdruck,m
Fingerhut,m
Fingernagel,m
Fisch,m
Flaschenöffner,m
Fleck,m
Flug,m
Flugbegleiter,m
Flughafen,m
Flur,m
Fluss,m
Freimut,m
Frevel,m
Frühaufsteher,m
Fuchs,m
Fuß,m
Fußgänger,m
Fön,m
Führerschein,m
Fürst,m
Gammel,m
Gang,m
Garten,m
Gast,m
Geburtstag,m
Gehsteig,m
Geruch,m
Geschäftsführer,m
Gestank,m
Getränkemarkt,m
Gott,m
Grund,m
Grundsatz,m
Gürtel,m
Haarschnitt,m
Hacken,m
Hafen,m
Hafer,m
Hals,m
Halz-Nasen-Ohrenartz,m
Hammer,m
Hase,m
Hass,m
Haushalt,m
Heilend,m
Heilige,m
Held,m
Herd,m
Himmel,m
Hinduismus,m
Hochzeitstage,m
Hof,m
Honig,m
Horizont,m
Huf,m
Husten,m
Hustensaft,m
Hüter,m
Internist,m
Internspeicher,m
Kachelboden,m
Kalender ,m
Kamm,m
Kasperl,m
Kassenzettel,m
Kater,m
Keks,m
Kellner,m
Klee,m
Kleiderbügel,m
Klub,m
Knoblauch,m
Knöchel,m
Koffer,m
Kohl,m
Kontrast,m
Kontrolleur,m
Kopf,m
Kopfsalat,m
Korb,m
Korken,m
Korkenzieher,m
Krankenpfleger,m
Kratzer,m
Kreis,m
Kuchen,m
Kugelschreiber,m
Kunde,m
Kundenservice,m
Kuss,m
Käfig,m
Käse,m
Körper,m
Kühlschrank,m
Kürbis,m
Laden,m
Langschläfer,m
Laptop,m
Lauch,m
Leerlauf,m
Legastheniker,m
Leiter,m
Liebling,m
Lockenwickler,m
Lärm,m
Löffel,m
Löwe,m
Mais,m
Maiskolben,m
Maurer,m
Mediabericht,m
Meeresblick,m
Mensch,m
Mond,m
Mord,m
Morgenmantel,m
Mulleimer,m
Mund,m
Musiker,m
Muskel,m
Mut,m
Nabel,m
Nachbar,m
Nachteil,m
Name,m
Nebel,m
Nord,m
Notausgang,m
Nu,m
Nudelsalat,m
Oberkörper,m
Oberschenkel,m
Ochse,m
Ofen,m
Ort,m
Orthopäde,m
Pantoffelheld,m
Papagei,m
Paprika,m
Park,m
Partner,m
Pass,m
Pfeffer,m
Pfirsich,m
Pilz,m
Pinsel,m
Plünderer,m
Psychiater,m
Pullover,m
Quark,m
Rabe,m
Rahmen,m
Rand,m
Rat,m
Raum,m
Rechtsstreit,m
Regenschirm,m
Respekt,m
Rest,m
Retter,m
Rettich,m
Rhythmus,m
Riese,m
Ring,m
Ritter,m
Rock,m
Roller,m
Ruhm,m
Rumpf,m
Rücken,m
Sack,m
Saft,m
Salat,m
Sand,m
Sandstrand,m
Schal,m
Schalter,m
Schatz,m
Schein,m
Schimpf,m
Schinken,m
Schirm,m
Schlitten,m
Schlitz,m
Schluck,m
Schlüssel,m
Schmeichler,m
Schmerz,m
Schmetterling,m
Schmuck,m
Schnabel,m
Schnupften,m
Schrank,m
Schrei,m
Schwager,m
Schwan,m
Schwerpunkt,m
Schäferhund,m
Schönheitschirurg,m
Seite,m
Senf,m
Sessel,m
Seufzer,m
Sklave,m
Sohn,m
Spinat,m
Spitzer,m
Sprecher,m
Staat,m
Stab,m
Stabhochsprung,m
Stadtplan,m
Stadtteil,m
Stamm,m
Stand,m
Stapel,m
Stau,m
Stern,m
Steward,m
Stich,m
Stiefel,m
Stier,m
Stift,m
Stock,m
Stoff,m
Stolz,m
Stoß,m
Strafzettel,m
Strand,m
Strauch,m
Strauss,m
Straßenrand,m
Streifschar,m
Streit,m
Strom,m
Supermarkt,m
Suppenteller,m
Synthesizer,m
Sünder ,m
Tagtraum,m
Takt,m
Taschenrechner,m
Teddybär,m
Tee,m
Teich,m
Teller,m
Teppich,m
Termin,m
Tintenfisch,m
Tisch,m
Tod,m
Topf,m
Torhüter,m
Trainer,m
Traumurlaub,m
Trauzeuge,m
Tresor,m
Tropfen,m
Trubel,m
Tumor,m
Turm,m
Umzug,m
Unfall,m
Unterkörper,m
Unterricht,m
Unterschied,m
Verein,m
Verkäufer,m
Verlust,m
Verräter,m
Vers,m
Verstärker,m
Vertrieb,m
Videorekorder ,m
Vorhang,m
Vormittag,m
Vorschlag,m
Vorstand,m
Vorstandsvorsitzende,m
Vorteil,m
Wagen,m
Wald,m
Wart,m
Wasserhahn,m
Wecker,m
Weg,m
Wein,m
Weinkeller,m
Weizen,m
Weltraum,m
Wert,m
Wettbewerb,m
Wetter,m
Wettlauf,m
Whirlpool,m
Winkel,m
Wirbel,m
Witz,m
Wunsch,m
Wäscheständer ,m
Zahn,m
Zahnstocher,m
Zauber,m
Zaun,m
Zeigefinger,m
Zerstörer,m
Zipfel,m
Zoll,m
Zoo,m
Zucker,m
Zweig,m
Übersetzer,m
Abhängigkeit,f
Abteilung,f
Abwicklung,f
Ader ,f
Ahnung,f
Alge,f
Ampel,f
Anbetung,f
Anfangsgründe,f
Angst,f
Anhöhe,f
Anklage,f
Ankunft,f
Apfelsine,f
Apotheke,f
Aprikose,f
Armlehne,f
Art,f
Atmung,f
Auflage,f
Augenbraue,f
Ausnahme,f
Autobahn,f
Backspacetaste,f
Backware,f
Badesachen,f
Badewanne,f
Banane,f
Bank,f
Bank,f
Barmherzigkeit,f
Beere,f
Begeisterung,f
Bekannte,f
Besatzung,f
Besichtigung,f
Besprechung,f
Bezirksstadt,f
Birne,f
Bohne,f
Bohrmaschine,f
Bordkarte,f
Boutique,f
Bremse,f
Brezel,f
Brust,f
Brücke,f
Buchhaltung,f
Buchhandlung,f
Bushaltestelle,f
Butter,f
Decke,f
Digitalkamera,f
Ding,f
Disko(thek),f
Dose,f
Dreiheit,f
Droge,f
Drogerie,f
Dunkelheit,f
Durchwahl,f
Ecke,f
Ehre,f
Eifersucht,f
Einkunft,f
Einsamkeit,f
Empfindlichkeit,f
Erbse,f
Erde,f
Erhebung,f
Erkältung,f
Ermutigung,f
Ernährung,f
Errettung,f
Erschöpfung,f
Erwachsene,f
Fachkraft,f
Fahrkarte,f
Farbenpalette,f
Feile,f
Fensterbank,f
Ferien,f
Fernbedienung,f
Ferse,f
Festplatte,f
Fischsemmel,f
Flotte,f
Flucht,f
Fluggesellschaft,f
Flut,f
Form,f
Fotokopie,f
Frage,f
Freizügigkeit,f
Freude,f
Frucht,f
Frucht,f
Fußgängerzone,f
Gabel,f
Gans,f
Garantie,f
Garderobe,f
Gardine,f
Gebrauchsanweisung,f
Gefühllosigkeit,f
Geige,f
Gelegenheit,f
Gerste,f
Geschichte,f
Geschwister,f
Geselligkeit,f
Glühlampe,f
Gottheit,f
Grippe,f
Grube,f
Größe,f
Gurgel,f
Gurke,f
Gymnastik,f
Halbpension,f
Hand,f
Harke,f
Hauptspeise,f
Hausschuhe,f
Haut,f
Heiligamesse,f
Heimat,f
Heizung,f
Hochzeit,f
Honigmelone,f
Hurerei,f
Höhe,f
Informationswirtschaft,f
Insel,f
Jacke,f
Jalousie,f
Kachel,f
Kanone,f
Karotte,f
Kartoffel,f
Kelter,f
Kerze,f
Kette,f
Kirsche,f
Kiste,f
Klappe,f
Kneipe,f
Knoblauchzehe,f
Kokonuss,f
Kombination,f
Konferenz,f
Konfession,f
Kosten,f
Krabbe,f
Krankmeldung,f
Krawatte,f
Kreide,f
Kreuzung,f
Kriminalität,f
Kugel,f
Kusine,f
Kälte,f
Kühltasche,f
Kühnheit,f
Lampe,f
Lanze,f
Lebenshaltung,f
Lebensphilosophie,f
Leichtathletik,f
Leiter,f
Leitung,f
Limonade,f
Lippe,f
List,f
Lust,f
Lücke,f
Mahlzeit,f
Mannschaft,f
Marketingabteilung,f
Marmelade,f
Maschine,f
Mauer,f
Medizin,f
Meeresfrucht,f
Meile,f
Meinung,f
Metzgerei,f
Milch,f
Mitternacht,f
Möhre,f
Möwe,f
Mühe,f
Münze,f
Nachspeise,f
Nacht,f
Nadel,f
Nase,f
Neffe,f
Nektarine,f
Nichte,f
Niederlassung,f
Not,f
Nähe,f
Olive,f
Ortschaft,f
Packung,f
Pantoffel,f
Pastete,f
Personalabteilung,f
Pest,f
Pfadfinder,f
Pfanne,f
Pfeffermühle,f
Pflaume,f
Pfote,f
Pfüzte,f
Pistazie,f
Pizza,f
Platte,f
Pommesfrites,f
Portion,f
Post,f
Praline,f
Praxis,f
Produktionsabteilung,f
Prägung,f
Puppe,f
Pute,f
Pyramide,f
Quittung,f
Realität,f
Rechtsabteilung,f
Regel,f
Reihe,f
Reihenfolge,f
Reinigung,f
Reise,f
Reiseunterlage,f
Reklamation,f
Reklame,f
Rettung,f
Richtung,f
Robbe,f
Routine,f
Ruhe,f
Rübe,f
Rückflugticket,f
Rüstung,f
Sache,f
Sahne,f
Salbe,f
Salbung,f
Sandgrube,f
Schachtel,f
Schale,f
Schar,f
Schlange,f
Schminke,f
Schnecke,f
Schokolade,f
Scholle,f
Schorle,f
Schublade,f
Schule,f
Schulter,f
Schwelle,f
Schwerathletik,f
Schwester,f
Serviette,f
Siebensachen,f
Socke,f
Sorge,f
Soße,f
Spalte,f
Spielzeugkiste,f
Spinne,f
Sportskanone,f
Sprechstundenhilfe,f
Spritze,f
Spur,f
Stange,f
Startbahn,f
Station,f
Stimme,f
Stirn,f
Strafe,f
Strahlung,f
Straßenbahn,f
Streichholzschachtel,f
Stäbchen,f
Suppenkelle,f
Säge,f
Säuregurke,f
Sünde,f
Süße,f
Süßigkeit,f
Tablette,f
Tafel,f
Tante,f
Tasche,f
Tassen,f
Taucherbrille,f
Tenne,f
Theologie,f
Tiefkühltruhe,f
Tonne,f
Torte,f
Treppe,f
Träne,f
Tüte,f
Umfrage,f
Ungelegenheiten,f
Universität,f
Unterkunft,f
Unterlage,f
Untertasse,f
Urgroßmutter,f
Verabredung,f
Verführung,f
Vergangenheit,f
Vermittlung,f
Versammlung,f
Versichertenkarte,f
Versicherung,f
Versklavung,f
Versorgung,f
Verspottung,f
Verspätung,f
Verstörung,f
Verwaltung,f
Verzeihung,f
Videothek,f
Vorschrift,f
Vorsicht,f
Vorspeise,f
Vorstellung,f
Vorwahl,f
Waffe,f
Wahl,f
Wahrscheinlichkeit,f
Wand,f
Wange,f
Warnung,f
Wassermelone,f
Weinbergschnecke,f
Weise,f
Weisheit,f
Weite,f
Wiedervereinigung,f
Wimper,f
Windmühle,f
Windpocken,f
Witwe,f
Woche,f
Wohnung,f
Wolle,f
Wunde,f
Wurst,f
Wurzel,f
Wäsche,f
Wäscheleine,f
Würde,f
Zacke,f
Zahnbürste,f
Zauberei,f
Zehe,f
Zitrone,f
Zulieferfirma,f
Zunge,f
Zuversicht,f
Zwiebeln,f
Überraschung,f
Übersetzung,f
Übertretung,f
